run_id,round_number,perplexity,success,budget,postmortem,model
veyru/1780571887,1,261.74166791013573,0,150,True,Qwen/Qwen3-32B
veyru/1780571887,2,316.34067711531424,0,150,True,Qwen/Qwen3-32B
veyru/1780571887,3,1497.4117500741456,0,150,True,Qwen/Qwen3-32B
veyru/1780571887,4,1769.4610210831843,0,150,True,Qwen/Qwen3-32B
veyru/1780571887,5,718.8811787327946,0,150,True,Qwen/Qwen3-32B
veyru/1780571887,6,521.1587610297048,0,150,True,Qwen/Qwen3-32B
veyru/1780571887,7,976.643813575708,0,150,True,Qwen/Qwen3-32B
veyru/1780571887,8,561.4332304303434,0,150,True,Qwen/Qwen3-32B
veyru/1780571887,9,690.5400115952336,0,150,True,Qwen/Qwen3-32B
veyru/1780571887,10,1175.7734738967304,0,150,True,Qwen/Qwen3-32B
veyru/1780571887,11,1055.0895865857342,0,150,True,Qwen/Qwen3-32B
veyru/1780571887,12,684.5685088303289,0,150,True,Qwen/Qwen3-32B
veyru/1780571887,13,626.8971844229394,0,150,True,Qwen/Qwen3-32B
veyru/1780571887,14,416.29871382887313,0,150,True,Qwen/Qwen3-32B
veyru/1780571887,15,904.9001553196849,0,150,True,Qwen/Qwen3-32B
veyru/1780572066,1,289.50383517287526,0,150,True,Qwen/Qwen3-32B
veyru/1780572066,2,315.1317238913111,0,150,True,Qwen/Qwen3-32B
veyru/1780572066,3,293.95203418564114,0,150,True,Qwen/Qwen3-32B
veyru/1780572066,4,617.0921167045996,0,150,True,Qwen/Qwen3-32B
veyru/1780572066,5,191.7877210790783,0,150,True,Qwen/Qwen3-32B
veyru/1780572066,6,417.9337074513619,0,150,True,Qwen/Qwen3-32B
veyru/1780572066,7,221.92996741299126,0,150,True,Qwen/Qwen3-32B
veyru/1780572066,8,134.4606486983366,0,150,True,Qwen/Qwen3-32B
veyru/1780572066,9,174.84342147829173,0,150,True,Qwen/Qwen3-32B
veyru/1780572066,10,417.9909730287916,0,150,True,Qwen/Qwen3-32B
veyru/1780572066,11,362.0267375257799,0,150,True,Qwen/Qwen3-32B
veyru/1780572066,12,525.0585344147765,0,150,True,Qwen/Qwen3-32B
veyru/1780572066,13,956.8051608052332,0,150,True,Qwen/Qwen3-32B
veyru/1780572066,14,287.5236704936139,0,150,True,Qwen/Qwen3-32B
veyru/1780572066,15,248.55812882628723,0,150,True,Qwen/Qwen3-32B
veyru/1780573969,1,208.61845929528806,0,150,True,Qwen/Qwen3-32B
veyru/1780573969,2,317.85293650816294,0,150,True,Qwen/Qwen3-32B
veyru/1780573969,3,232.2517921189949,0,150,True,Qwen/Qwen3-32B
veyru/1780573969,4,692.6471233585655,0,150,True,Qwen/Qwen3-32B
veyru/1780573969,5,3272.434148851735,0,150,True,Qwen/Qwen3-32B
veyru/1780573969,6,240.42702905165677,0,150,True,Qwen/Qwen3-32B
veyru/1780573969,7,391.2764073887478,0,150,True,Qwen/Qwen3-32B
veyru/1780573969,8,363.60299978388576,0,150,True,Qwen/Qwen3-32B
veyru/1780573969,9,490.36829603289937,0,150,True,Qwen/Qwen3-32B
veyru/1780573969,10,1057.7025948931373,0,150,True,Qwen/Qwen3-32B
veyru/1780573969,11,204.45193775684515,0,150,True,Qwen/Qwen3-32B
veyru/1780573969,12,808.7425747802828,0,150,True,Qwen/Qwen3-32B
veyru/1780573969,13,759.7626604805392,0,150,True,Qwen/Qwen3-32B
veyru/1780573969,14,556.7516312033491,0,150,True,Qwen/Qwen3-32B
veyru/1780573969,15,1080.3004834095766,0,150,True,Qwen/Qwen3-32B
veyru/1780574198,1,412.7253359112639,0,150,True,Qwen/Qwen3-32B
veyru/1780574198,2,565.5298903549049,0,150,True,Qwen/Qwen3-32B
veyru/1780574198,3,221.26575070913853,0,150,True,Qwen/Qwen3-32B
veyru/1780574198,4,288.79124505904616,0,150,True,Qwen/Qwen3-32B
veyru/1780574198,5,357.74588710191307,0,150,True,Qwen/Qwen3-32B
veyru/1780574198,6,706.0883030050633,0,150,True,Qwen/Qwen3-32B
veyru/1780574198,7,265.86229506245314,0,150,True,Qwen/Qwen3-32B
veyru/1780574198,8,816.388618291242,0,150,True,Qwen/Qwen3-32B
veyru/1780574198,9,451.5709081385299,0,150,True,Qwen/Qwen3-32B
veyru/1780574198,10,254.14875863457303,0,150,True,Qwen/Qwen3-32B
veyru/1780574198,12,347.8214728191882,0,150,True,Qwen/Qwen3-32B
veyru/1780574198,13,1303.4738124611288,0,150,True,Qwen/Qwen3-32B
veyru/1780574198,14,1039.7334345337597,0,150,True,Qwen/Qwen3-32B
veyru/1780574198,15,300.5679744838451,0,150,True,Qwen/Qwen3-32B
veyru/1780591851,1,207.03518187478448,1,2000,True,Qwen/Qwen3-32B
veyru/1780591851,2,427.8128396638935,0,2000,True,Qwen/Qwen3-32B
veyru/1780591851,3,233.70885495939845,0,2000,True,Qwen/Qwen3-32B
veyru/1780591851,4,231.35781218448878,1,2000,True,Qwen/Qwen3-32B
veyru/1780591851,5,265.2959701518095,1,2000,True,Qwen/Qwen3-32B
veyru/1780591851,6,237.44635760545543,0,2000,True,Qwen/Qwen3-32B
veyru/1780591851,7,202.28339909883962,0,2000,True,Qwen/Qwen3-32B
veyru/1780591851,8,238.2000045445703,1,2000,True,Qwen/Qwen3-32B
veyru/1780591851,9,1301.3976443888978,0,2000,True,Qwen/Qwen3-32B
veyru/1780591851,10,248.01130290344852,0,2000,True,Qwen/Qwen3-32B
veyru/1780591851,11,187.2850750728488,1,2000,True,Qwen/Qwen3-32B
veyru/1780591851,12,216.28806008402367,0,2000,True,Qwen/Qwen3-32B
veyru/1780591851,13,1028.5633800841179,0,2000,True,Qwen/Qwen3-32B
veyru/1780591851,14,480.3485131481677,0,2000,True,Qwen/Qwen3-32B
veyru/1780591851,15,603.0598231438139,0,2000,True,Qwen/Qwen3-32B
veyru/1780592371,1,293.25294939944155,0,2000,True,Qwen/Qwen3-32B
veyru/1780592371,2,246.27346052129727,0,2000,True,Qwen/Qwen3-32B
veyru/1780592371,3,311.22264496378006,0,2000,True,Qwen/Qwen3-32B
veyru/1780592371,4,413.1462163288129,0,2000,True,Qwen/Qwen3-32B
veyru/1780592371,5,1682.7297214856555,0,2000,True,Qwen/Qwen3-32B
veyru/1780592371,6,779.410376035815,0,2000,True,Qwen/Qwen3-32B
veyru/1780592371,7,555.6080579917999,0,2000,True,Qwen/Qwen3-32B
veyru/1780592371,8,481.9099462071956,0,2000,True,Qwen/Qwen3-32B
veyru/1780592371,9,247.84901914384824,0,2000,True,Qwen/Qwen3-32B
veyru/1780592371,10,343.8157866446556,0,2000,True,Qwen/Qwen3-32B
veyru/1780592371,11,363.71163822507145,0,2000,True,Qwen/Qwen3-32B
veyru/1780592371,12,369.1899015475954,0,2000,True,Qwen/Qwen3-32B
veyru/1780592371,13,382.88469216186587,0,2000,True,Qwen/Qwen3-32B
veyru/1780592371,14,371.0387468118368,0,2000,True,Qwen/Qwen3-32B
veyru/1780592371,15,1694.5492936421506,0,2000,True,Qwen/Qwen3-32B
veyru/1780594450,1,238.54342071499462,0,2000,True,Qwen/Qwen3-32B
veyru/1780594450,2,268.149995579684,0,2000,True,Qwen/Qwen3-32B
veyru/1780594450,3,353.4308493194157,0,2000,True,Qwen/Qwen3-32B
veyru/1780594450,4,194.97272029090774,1,2000,True,Qwen/Qwen3-32B
veyru/1780594450,5,275.54358070236344,1,2000,True,Qwen/Qwen3-32B
veyru/1780594450,6,532.6301404845127,0,2000,True,Qwen/Qwen3-32B
veyru/1780594450,7,655.2499870892717,0,2000,True,Qwen/Qwen3-32B
veyru/1780594450,8,202.6635630940242,1,2000,True,Qwen/Qwen3-32B
veyru/1780594450,9,185.35868240002065,1,2000,True,Qwen/Qwen3-32B
veyru/1780594450,10,368.87030088036335,1,2000,True,Qwen/Qwen3-32B
veyru/1780594450,11,301.90375669490913,0,2000,True,Qwen/Qwen3-32B
veyru/1780594450,12,315.2996593024489,1,2000,True,Qwen/Qwen3-32B
veyru/1780594450,13,468.6341285261606,0,2000,True,Qwen/Qwen3-32B
veyru/1780594450,14,272.478621550497,0,2000,True,Qwen/Qwen3-32B
veyru/1780594450,15,939.6909212365952,0,2000,True,Qwen/Qwen3-32B
veyru/1780595722,1,327.6519426473581,0,150,False,Qwen/Qwen3-32B
veyru/1780595722,2,511.0274634772205,0,150,False,Qwen/Qwen3-32B
veyru/1780595722,3,607.5472968006139,0,150,False,Qwen/Qwen3-32B
veyru/1780595722,4,657.4365945999467,0,150,False,Qwen/Qwen3-32B
veyru/1780595722,5,399.50285215800267,0,150,False,Qwen/Qwen3-32B
veyru/1780595722,6,408.0149850322809,0,150,False,Qwen/Qwen3-32B
veyru/1780595722,7,584.8642988234519,0,150,False,Qwen/Qwen3-32B
veyru/1780595722,8,487.47655842513836,0,150,False,Qwen/Qwen3-32B
veyru/1780595722,9,646.8614224278924,0,150,False,Qwen/Qwen3-32B
veyru/1780595722,10,837.9493049786805,0,150,False,Qwen/Qwen3-32B
veyru/1780595722,11,688.4919178019067,0,150,False,Qwen/Qwen3-32B
veyru/1780595722,12,686.5200147818483,0,150,False,Qwen/Qwen3-32B
veyru/1780595722,13,304.35919046181573,0,150,False,Qwen/Qwen3-32B
veyru/1780595722,14,482.75327520018436,0,150,False,Qwen/Qwen3-32B
veyru/1780595722,15,415.9437367844045,0,150,False,Qwen/Qwen3-32B
veyru/1781095556,1,317.74488964574147,0,150,False,Qwen/Qwen3-32B
veyru/1781095556,2,507.68831011191764,0,150,False,Qwen/Qwen3-32B
veyru/1781095556,3,728.82989141278,0,150,False,Qwen/Qwen3-32B
veyru/1781095556,4,581.56583548186,0,150,False,Qwen/Qwen3-32B
veyru/1781095556,5,1957.9863659247558,0,150,False,Qwen/Qwen3-32B
veyru/1781095556,6,740.5733005704067,0,150,False,Qwen/Qwen3-32B
veyru/1781095556,7,373.08276893840525,0,150,False,Qwen/Qwen3-32B
veyru/1781095556,8,454.7818678448819,0,150,False,Qwen/Qwen3-32B
veyru/1781095556,9,755.5894325338675,0,150,False,Qwen/Qwen3-32B
veyru/1781095556,10,358.6235379600319,0,150,False,Qwen/Qwen3-32B
veyru/1781095556,11,263.2788080985728,0,150,False,Qwen/Qwen3-32B
veyru/1781095556,12,428.74099892549543,0,150,False,Qwen/Qwen3-32B
veyru/1781095556,13,1000.5338194487787,0,150,False,Qwen/Qwen3-32B
veyru/1781095556,14,896.5445485995508,0,150,False,Qwen/Qwen3-32B
veyru/1781095556,15,886.1856873072934,0,150,False,Qwen/Qwen3-32B
veyru/1781098190,1,255.85636743922217,1,2000,False,Qwen/Qwen3-32B
veyru/1781098190,2,172.6208589403217,0,2000,False,Qwen/Qwen3-32B
veyru/1781098190,3,369.74221034031626,0,2000,False,Qwen/Qwen3-32B
veyru/1781098190,4,258.2699574846935,0,2000,False,Qwen/Qwen3-32B
veyru/1781098190,5,354.8574014304984,0,2000,False,Qwen/Qwen3-32B
veyru/1781098190,6,463.71193718394716,0,2000,False,Qwen/Qwen3-32B
veyru/1781098190,7,412.11245570978105,0,2000,False,Qwen/Qwen3-32B
veyru/1781098190,8,469.0695792894155,0,2000,False,Qwen/Qwen3-32B
veyru/1781098190,9,602.702382785791,0,2000,False,Qwen/Qwen3-32B
veyru/1781098190,10,386.29806446264314,0,2000,False,Qwen/Qwen3-32B
veyru/1781098190,11,247.1751478230868,0,2000,False,Qwen/Qwen3-32B
veyru/1781098190,12,254.96140332023145,0,2000,False,Qwen/Qwen3-32B
veyru/1781098190,13,738.4548025667314,0,2000,False,Qwen/Qwen3-32B
veyru/1781098190,14,756.7760879667057,0,2000,False,Qwen/Qwen3-32B
veyru/1781098190,15,1105.2365304485677,0,2000,False,Qwen/Qwen3-32B
veyru/1781098196,1,359.7715324850273,0,150,False,Qwen/Qwen3-32B
veyru/1781098196,2,1051.4313198654595,0,150,False,Qwen/Qwen3-32B
veyru/1781098196,3,316.91319112182947,0,150,False,Qwen/Qwen3-32B
veyru/1781098196,4,594.5461309485858,0,150,False,Qwen/Qwen3-32B
veyru/1781098196,5,557.6976086458022,0,150,False,Qwen/Qwen3-32B
veyru/1781098196,6,544.3253162864565,0,150,False,Qwen/Qwen3-32B
veyru/1781098196,7,612.2724961115947,0,150,False,Qwen/Qwen3-32B
veyru/1781098196,8,625.7188234220994,0,150,False,Qwen/Qwen3-32B
veyru/1781098196,9,1459.4402420530603,0,150,False,Qwen/Qwen3-32B
veyru/1781098196,10,1323.9837027676704,0,150,False,Qwen/Qwen3-32B
veyru/1781098196,11,2124.9869879029893,0,150,False,Qwen/Qwen3-32B
veyru/1781098196,12,1447.5123176301583,0,150,False,Qwen/Qwen3-32B
veyru/1781098196,13,1340.441724357217,0,150,False,Qwen/Qwen3-32B
veyru/1781098196,14,1846.437267226595,0,150,False,Qwen/Qwen3-32B
veyru/1781098196,15,1642.2275802010652,0,150,False,Qwen/Qwen3-32B
veyru/1781098197,1,297.54395262821805,1,2000,True,Qwen/Qwen3-32B
veyru/1781098197,2,296.99677925956144,0,2000,True,Qwen/Qwen3-32B
veyru/1781098197,3,227.0032171277685,1,2000,True,Qwen/Qwen3-32B
veyru/1781098197,4,250.9909512518025,0,2000,True,Qwen/Qwen3-32B
veyru/1781098197,5,354.23149926469716,1,2000,True,Qwen/Qwen3-32B
veyru/1781098197,6,279.2416941256806,0,2000,True,Qwen/Qwen3-32B
veyru/1781098197,7,280.1641515712021,0,2000,True,Qwen/Qwen3-32B
veyru/1781098197,8,364.27260001852574,1,2000,True,Qwen/Qwen3-32B
veyru/1781098197,9,632.6483218125207,0,2000,True,Qwen/Qwen3-32B
veyru/1781098197,10,702.944417877996,0,2000,True,Qwen/Qwen3-32B
veyru/1781098197,11,323.9361493616305,0,2000,True,Qwen/Qwen3-32B
veyru/1781098197,12,420.54223507498864,0,2000,True,Qwen/Qwen3-32B
veyru/1781098197,13,370.29216752702087,0,2000,True,Qwen/Qwen3-32B
veyru/1781098197,14,266.4213170709555,0,2000,True,Qwen/Qwen3-32B
veyru/1781098197,15,262.3101510211914,0,2000,True,Qwen/Qwen3-32B
veyru/1781098198,1,237.73492187573552,0,2000,False,Qwen/Qwen3-32B
veyru/1781098198,2,993.6872312980647,0,2000,False,Qwen/Qwen3-32B
veyru/1781098198,3,276.9673031360154,0,2000,False,Qwen/Qwen3-32B
veyru/1781098198,4,732.8164183041728,0,2000,False,Qwen/Qwen3-32B
veyru/1781098198,5,875.6614919145266,0,2000,False,Qwen/Qwen3-32B
veyru/1781098198,6,700.6768356777959,0,2000,False,Qwen/Qwen3-32B
veyru/1781098198,7,1188.7521107943994,0,2000,False,Qwen/Qwen3-32B
veyru/1781098198,8,1068.9001482779254,0,2000,False,Qwen/Qwen3-32B
veyru/1781098198,9,273.3316673334256,0,2000,False,Qwen/Qwen3-32B
veyru/1781098198,10,330.3456421696234,1,2000,False,Qwen/Qwen3-32B
veyru/1781098198,11,875.5639304166732,0,2000,False,Qwen/Qwen3-32B
veyru/1781098198,12,259.74282977052144,0,2000,False,Qwen/Qwen3-32B
veyru/1781098198,13,327.05354473066234,0,2000,False,Qwen/Qwen3-32B
veyru/1781098198,14,513.7189523488292,0,2000,False,Qwen/Qwen3-32B
veyru/1781098198,15,1114.8628200723517,0,2000,False,Qwen/Qwen3-32B
veyru/1781100249,1,238.66527620845386,1,2000,False,Qwen/Qwen3-32B
veyru/1781100249,2,353.8161136518701,0,2000,False,Qwen/Qwen3-32B
veyru/1781100249,3,297.186217053105,0,2000,False,Qwen/Qwen3-32B
veyru/1781100249,4,622.7115563849196,0,2000,False,Qwen/Qwen3-32B
veyru/1781100249,5,618.2290709664987,0,2000,False,Qwen/Qwen3-32B
veyru/1781100249,6,311.95178318270774,0,2000,False,Qwen/Qwen3-32B
veyru/1781100249,7,379.7600790424533,0,2000,False,Qwen/Qwen3-32B
veyru/1781100249,8,352.6108793010091,0,2000,False,Qwen/Qwen3-32B
veyru/1781100249,9,426.63941623215254,0,2000,False,Qwen/Qwen3-32B
veyru/1781100249,10,276.39660843797395,0,2000,False,Qwen/Qwen3-32B
veyru/1781100249,11,980.7384955858897,0,2000,False,Qwen/Qwen3-32B
veyru/1781100249,12,1098.9000705645344,0,2000,False,Qwen/Qwen3-32B
veyru/1781100249,13,343.71042784234754,0,2000,False,Qwen/Qwen3-32B
veyru/1781100249,14,379.41597243087693,0,2000,False,Qwen/Qwen3-32B
veyru/1781100249,15,402.6164652518717,0,2000,False,Qwen/Qwen3-32B
veyru/1781105161,2,222.08717234077812,0,150,False,Qwen/Qwen3-32B
veyru/1781105161,3,238.20602441115193,0,150,False,Qwen/Qwen3-32B
veyru/1781105161,4,238.20602441115193,0,150,False,Qwen/Qwen3-32B
veyru/1781105161,5,238.20602441115193,0,150,False,Qwen/Qwen3-32B
veyru/1781105161,6,238.20602441115193,0,150,False,Qwen/Qwen3-32B
veyru/1781105161,7,238.20602441115193,0,150,False,Qwen/Qwen3-32B
veyru/1781105161,8,238.20602441115193,0,150,False,Qwen/Qwen3-32B
veyru/1781105161,9,238.20602441115193,0,150,False,Qwen/Qwen3-32B
veyru/1781105161,10,238.20602441115193,0,150,False,Qwen/Qwen3-32B
veyru/1781105161,11,238.20602441115193,0,150,False,Qwen/Qwen3-32B
veyru/1781105161,13,398.7351701921078,0,150,False,Qwen/Qwen3-32B
veyru/1781105161,14,532.9228031175372,0,150,False,Qwen/Qwen3-32B
veyru/1781105161,15,3130.0814216419612,0,150,False,Qwen/Qwen3-32B
veyru/1781107104,1,270.3731522798158,1,2000,False,Qwen/Qwen3-32B
veyru/1781107104,2,1622.1715231190356,0,2000,False,Qwen/Qwen3-32B
veyru/1781107104,3,252.73812610904758,0,2000,False,Qwen/Qwen3-32B
veyru/1781107104,4,372.6704474959102,0,2000,False,Qwen/Qwen3-32B
veyru/1781107104,5,1120.5559432094715,0,2000,False,Qwen/Qwen3-32B
veyru/1781107104,6,317.85776134045625,0,2000,False,Qwen/Qwen3-32B
veyru/1781107104,7,444.7877145254349,0,2000,False,Qwen/Qwen3-32B
veyru/1781107104,8,284.27461608380537,1,2000,False,Qwen/Qwen3-32B
veyru/1781107104,9,769.9222896713727,0,2000,False,Qwen/Qwen3-32B
veyru/1781107104,10,237.66087093949136,0,2000,False,Qwen/Qwen3-32B
veyru/1781107104,11,348.09571408383607,0,2000,False,Qwen/Qwen3-32B
veyru/1781107104,12,360.44770389168315,0,2000,False,Qwen/Qwen3-32B
veyru/1781107104,13,684.735551144647,0,2000,False,Qwen/Qwen3-32B
veyru/1781107104,14,635.9681341200064,0,2000,False,Qwen/Qwen3-32B
veyru/1781107104,15,860.0821126369036,0,2000,False,Qwen/Qwen3-32B
veyru/1781083391,1,245.13901351866244,1,2000,False,meta-llama/Llama-3.3-70B-Instruct
veyru/1781083391,2,188.0582349838911,1,2000,False,meta-llama/Llama-3.3-70B-Instruct
veyru/1781083391,3,139.21724587410685,1,2000,False,meta-llama/Llama-3.3-70B-Instruct
veyru/1781083391,4,171.0472795173445,1,2000,False,meta-llama/Llama-3.3-70B-Instruct
veyru/1781083391,5,142.45943200002395,0,2000,False,meta-llama/Llama-3.3-70B-Instruct
veyru/1781083391,6,141.39645715250114,0,2000,False,meta-llama/Llama-3.3-70B-Instruct
veyru/1781083391,7,145.141756701407,1,2000,False,meta-llama/Llama-3.3-70B-Instruct
veyru/1781083391,8,169.7477351927048,1,2000,False,meta-llama/Llama-3.3-70B-Instruct
veyru/1781083391,9,139.1738242866359,1,2000,False,meta-llama/Llama-3.3-70B-Instruct
veyru/1781083391,10,175.42020608530845,1,2000,False,meta-llama/Llama-3.3-70B-Instruct
veyru/1781083391,11,148.07356554326378,1,2000,False,meta-llama/Llama-3.3-70B-Instruct
veyru/1781083391,12,151.11323422798804,0,2000,False,meta-llama/Llama-3.3-70B-Instruct
veyru/1781083391,13,103.71413351166251,1,2000,False,meta-llama/Llama-3.3-70B-Instruct
veyru/1781083391,14,125.36496583477575,1,2000,False,meta-llama/Llama-3.3-70B-Instruct
veyru/1781083391,15,114.34399219810172,1,2000,False,meta-llama/Llama-3.3-70B-Instruct
veyru/1781083394,1,174.94889935831728,1,2000,False,meta-llama/Llama-3.3-70B-Instruct
veyru/1781083394,2,149.28363757600758,1,2000,False,meta-llama/Llama-3.3-70B-Instruct
veyru/1781083394,3,136.26287007862283,1,2000,False,meta-llama/Llama-3.3-70B-Instruct
veyru/1781083394,4,115.54603611553188,1,2000,False,meta-llama/Llama-3.3-70B-Instruct
veyru/1781083394,5,139.44270216955334,0,2000,False,meta-llama/Llama-3.3-70B-Instruct
veyru/1781083394,6,74.88356342751014,1,2000,False,meta-llama/Llama-3.3-70B-Instruct
veyru/1781083394,7,166.02310534078458,0,2000,False,meta-llama/Llama-3.3-70B-Instruct
veyru/1781083394,8,138.87466216941112,0,2000,False,meta-llama/Llama-3.3-70B-Instruct
veyru/1781083394,9,120.34396712037443,0,2000,False,meta-llama/Llama-3.3-70B-Instruct
veyru/1781083394,10,146.82527420936586,0,2000,False,meta-llama/Llama-3.3-70B-Instruct
veyru/1781083394,11,146.82527420936586,0,2000,False,meta-llama/Llama-3.3-70B-Instruct
veyru/1781083394,12,153.87747277502055,0,2000,False,meta-llama/Llama-3.3-70B-Instruct
veyru/1781083394,13,129.5626471223543,0,2000,False,meta-llama/Llama-3.3-70B-Instruct
veyru/1781083394,14,150.0658609259168,0,2000,False,meta-llama/Llama-3.3-70B-Instruct
veyru/1781083394,15,102.8771976223613,1,2000,False,meta-llama/Llama-3.3-70B-Instruct
veyru/1781085822,1,139.30080092754616,1,2000,False,meta-llama/Llama-3.3-70B-Instruct
veyru/1781085822,2,196.77894030016748,1,2000,False,meta-llama/Llama-3.3-70B-Instruct
veyru/1781085822,3,232.8090149609679,1,2000,False,meta-llama/Llama-3.3-70B-Instruct
veyru/1781085822,4,177.01001317785241,1,2000,False,meta-llama/Llama-3.3-70B-Instruct
veyru/1781085822,5,183.52665304828622,1,2000,False,meta-llama/Llama-3.3-70B-Instruct
veyru/1781085822,6,209.11870291836058,1,2000,False,meta-llama/Llama-3.3-70B-Instruct
veyru/1781085822,7,189.26838231656467,0,2000,False,meta-llama/Llama-3.3-70B-Instruct
veyru/1781085822,8,159.18009280551632,1,2000,False,meta-llama/Llama-3.3-70B-Instruct
veyru/1781085822,9,191.24819955101657,0,2000,False,meta-llama/Llama-3.3-70B-Instruct
veyru/1781085822,10,120.0020666239498,1,2000,False,meta-llama/Llama-3.3-70B-Instruct
veyru/1781085822,11,160.69161796035095,0,2000,False,meta-llama/Llama-3.3-70B-Instruct
veyru/1781085822,12,133.36965494693493,1,2000,False,meta-llama/Llama-3.3-70B-Instruct
veyru/1781085822,13,129.65488307596172,0,2000,False,meta-llama/Llama-3.3-70B-Instruct
veyru/1781085822,14,185.8820276182862,0,2000,False,meta-llama/Llama-3.3-70B-Instruct
veyru/1781085822,15,172.7017551326588,0,2000,False,meta-llama/Llama-3.3-70B-Instruct
veyru/1781089153,1,160.2972647970142,0,2000,True,meta-llama/Llama-3.3-70B-Instruct
veyru/1781089153,2,148.38075692371697,0,2000,True,meta-llama/Llama-3.3-70B-Instruct
veyru/1781089153,3,140.30843777528207,1,2000,True,meta-llama/Llama-3.3-70B-Instruct
veyru/1781089153,4,142.10002063722402,0,2000,True,meta-llama/Llama-3.3-70B-Instruct
veyru/1781089153,5,243.45799925845722,0,2000,True,meta-llama/Llama-3.3-70B-Instruct
veyru/1781089153,6,115.42807058903631,1,2000,True,meta-llama/Llama-3.3-70B-Instruct
veyru/1781089153,7,137.7818928807919,0,2000,True,meta-llama/Llama-3.3-70B-Instruct
veyru/1781089153,8,108.75958923989361,1,2000,True,meta-llama/Llama-3.3-70B-Instruct
veyru/1781089153,9,122.60623250054708,0,2000,True,meta-llama/Llama-3.3-70B-Instruct
veyru/1781089153,10,126.18173220013871,1,2000,True,meta-llama/Llama-3.3-70B-Instruct
veyru/1781089153,11,174.9423561675505,0,2000,True,meta-llama/Llama-3.3-70B-Instruct
veyru/1781089153,12,182.0369229161847,0,2000,True,meta-llama/Llama-3.3-70B-Instruct
veyru/1781089153,13,169.7169407832932,0,2000,True,meta-llama/Llama-3.3-70B-Instruct
veyru/1781089153,14,126.70433013174949,0,2000,True,meta-llama/Llama-3.3-70B-Instruct
veyru/1781089153,15,123.68260227447473,1,2000,True,meta-llama/Llama-3.3-70B-Instruct
veyru/1781094184,1,92.54978139535281,0,150,True,meta-llama/Llama-3.3-70B-Instruct
veyru/1781094184,2,62.14613249745432,0,150,True,meta-llama/Llama-3.3-70B-Instruct
veyru/1781094184,3,159.17477215657647,0,150,True,meta-llama/Llama-3.3-70B-Instruct
veyru/1781094184,4,135.52677157453772,0,150,True,meta-llama/Llama-3.3-70B-Instruct
veyru/1781094184,5,131.6062651130435,0,150,True,meta-llama/Llama-3.3-70B-Instruct
veyru/1781094184,6,109.25322636666942,0,150,True,meta-llama/Llama-3.3-70B-Instruct
veyru/1781094184,7,121.33489144914377,0,150,True,meta-llama/Llama-3.3-70B-Instruct
veyru/1781094184,8,105.69078332209125,0,150,True,meta-llama/Llama-3.3-70B-Instruct
veyru/1781094184,9,146.70990520313626,0,150,True,meta-llama/Llama-3.3-70B-Instruct
veyru/1781094184,10,136.89950958477465,0,150,True,meta-llama/Llama-3.3-70B-Instruct
veyru/1781094184,11,148.31951418097745,0,150,True,meta-llama/Llama-3.3-70B-Instruct
veyru/1781094184,12,194.22495717278028,0,150,True,meta-llama/Llama-3.3-70B-Instruct
veyru/1781094184,13,210.10741452110892,0,150,True,meta-llama/Llama-3.3-70B-Instruct
veyru/1781094184,14,219.30093405394047,0,150,True,meta-llama/Llama-3.3-70B-Instruct
veyru/1781094184,15,191.78854413784933,0,150,True,meta-llama/Llama-3.3-70B-Instruct
veyru/1781095397,1,161.02828660484244,1,2000,True,meta-llama/Llama-3.3-70B-Instruct
veyru/1781095397,2,127.80655322978193,1,2000,True,meta-llama/Llama-3.3-70B-Instruct
veyru/1781095397,3,140.30843777528207,1,2000,True,meta-llama/Llama-3.3-70B-Instruct
veyru/1781095397,4,98.30164378767525,1,2000,True,meta-llama/Llama-3.3-70B-Instruct
veyru/1781095397,5,94.23556946678548,1,2000,True,meta-llama/Llama-3.3-70B-Instruct
veyru/1781095397,6,122.33682156884306,1,2000,True,meta-llama/Llama-3.3-70B-Instruct
veyru/1781095397,7,149.44518367483218,0,2000,True,meta-llama/Llama-3.3-70B-Instruct
veyru/1781095397,8,195.70059145808312,1,2000,True,meta-llama/Llama-3.3-70B-Instruct
veyru/1781095397,9,106.67038878753601,0,2000,True,meta-llama/Llama-3.3-70B-Instruct
veyru/1781095397,10,159.91957776770298,0,2000,True,meta-llama/Llama-3.3-70B-Instruct
veyru/1781095397,11,102.0365501430333,1,2000,True,meta-llama/Llama-3.3-70B-Instruct
veyru/1781095397,12,97.85720906989367,1,2000,True,meta-llama/Llama-3.3-70B-Instruct
veyru/1781095397,13,91.5384222552849,1,2000,True,meta-llama/Llama-3.3-70B-Instruct
veyru/1781095397,14,238.98735137566638,0,2000,True,meta-llama/Llama-3.3-70B-Instruct
veyru/1781095397,15,194.53991600757038,0,2000,True,meta-llama/Llama-3.3-70B-Instruct
veyru/1781095644,1,92.54982554160911,0,150,False,meta-llama/Llama-3.3-70B-Instruct
veyru/1781095644,2,212.05665615875168,0,150,False,meta-llama/Llama-3.3-70B-Instruct
veyru/1781095644,3,140.26750951915398,0,150,False,meta-llama/Llama-3.3-70B-Instruct
veyru/1781095644,4,136.106296790734,0,150,False,meta-llama/Llama-3.3-70B-Instruct
veyru/1781095644,5,113.81820141065485,0,150,False,meta-llama/Llama-3.3-70B-Instruct
veyru/1781095644,6,171.5321344602602,0,150,False,meta-llama/Llama-3.3-70B-Instruct
veyru/1781095644,7,158.7258859170897,0,150,False,meta-llama/Llama-3.3-70B-Instruct
veyru/1781095644,8,116.48912913430301,0,150,False,meta-llama/Llama-3.3-70B-Instruct
veyru/1781095644,9,194.6494366727243,0,150,False,meta-llama/Llama-3.3-70B-Instruct
veyru/1781095644,10,123.21928328230514,0,150,False,meta-llama/Llama-3.3-70B-Instruct
veyru/1781095644,11,128.34855891775902,0,150,False,meta-llama/Llama-3.3-70B-Instruct
veyru/1781095644,12,128.37512307975427,0,150,False,meta-llama/Llama-3.3-70B-Instruct
veyru/1781095644,13,109.78155492156687,0,150,False,meta-llama/Llama-3.3-70B-Instruct
veyru/1781095644,14,122.64473466211645,0,150,False,meta-llama/Llama-3.3-70B-Instruct
veyru/1781095644,15,92.54982554160911,0,150,False,meta-llama/Llama-3.3-70B-Instruct
veyru/1781096024,1,141.5640622672639,0,150,False,meta-llama/Llama-3.3-70B-Instruct
veyru/1781096024,2,145.37473733104267,0,150,False,meta-llama/Llama-3.3-70B-Instruct
veyru/1781096024,3,134.76040326473506,0,150,False,meta-llama/Llama-3.3-70B-Instruct
veyru/1781096024,4,74.73814414981601,0,150,False,meta-llama/Llama-3.3-70B-Instruct
veyru/1781096024,5,153.76957674441323,0,150,False,meta-llama/Llama-3.3-70B-Instruct
veyru/1781096024,6,92.54982554160911,0,150,False,meta-llama/Llama-3.3-70B-Instruct
veyru/1781096024,7,141.0525059944202,0,150,False,meta-llama/Llama-3.3-70B-Instruct
veyru/1781096024,8,172.97919039004498,0,150,False,meta-llama/Llama-3.3-70B-Instruct
veyru/1781096024,9,105.25694909094331,0,150,False,meta-llama/Llama-3.3-70B-Instruct
veyru/1781096024,10,99.38871748171115,0,150,False,meta-llama/Llama-3.3-70B-Instruct
veyru/1781096024,11,164.07610129810163,0,150,False,meta-llama/Llama-3.3-70B-Instruct
veyru/1781096024,12,137.7977200379985,0,150,False,meta-llama/Llama-3.3-70B-Instruct
veyru/1781096024,13,88.00042570294748,0,150,False,meta-llama/Llama-3.3-70B-Instruct
veyru/1781096024,14,178.61090967797978,0,150,False,meta-llama/Llama-3.3-70B-Instruct
veyru/1781096024,15,145.57264203554445,0,150,False,meta-llama/Llama-3.3-70B-Instruct
veyru/1781100635,1,92.54982554160911,0,150,False,meta-llama/Llama-3.3-70B-Instruct
veyru/1781100635,2,212.05665615875168,0,150,False,meta-llama/Llama-3.3-70B-Instruct
veyru/1781100635,3,218.51869608903743,0,150,False,meta-llama/Llama-3.3-70B-Instruct
veyru/1781100635,4,237.0151708235098,0,150,False,meta-llama/Llama-3.3-70B-Instruct
veyru/1781100635,5,103.28544557759311,0,150,False,meta-llama/Llama-3.3-70B-Instruct
veyru/1781100635,6,156.02219659605345,0,150,False,meta-llama/Llama-3.3-70B-Instruct
veyru/1781100635,7,104.18913038970288,0,150,False,meta-llama/Llama-3.3-70B-Instruct
veyru/1781100635,8,176.7457361739015,0,150,False,meta-llama/Llama-3.3-70B-Instruct
veyru/1781100635,9,223.50519031428132,0,150,False,meta-llama/Llama-3.3-70B-Instruct
veyru/1781100635,10,98.02922377470877,0,150,False,meta-llama/Llama-3.3-70B-Instruct
veyru/1781100635,11,172.31314810574818,0,150,False,meta-llama/Llama-3.3-70B-Instruct
veyru/1781100635,12,382.0622152531489,0,150,False,meta-llama/Llama-3.3-70B-Instruct
veyru/1781100635,13,76.73604984733434,0,150,False,meta-llama/Llama-3.3-70B-Instruct
veyru/1781100635,14,54.629521858063846,0,150,False,meta-llama/Llama-3.3-70B-Instruct
veyru/1781100635,15,254.94560164024352,0,150,False,meta-llama/Llama-3.3-70B-Instruct
veyru/1781101039,1,92.54982554160911,0,150,True,meta-llama/Llama-3.3-70B-Instruct
veyru/1781101039,2,100.28003892969706,0,150,True,meta-llama/Llama-3.3-70B-Instruct
veyru/1781101039,3,82.98225460513494,0,150,True,meta-llama/Llama-3.3-70B-Instruct
veyru/1781101039,4,62.13101377878368,0,150,True,meta-llama/Llama-3.3-70B-Instruct
veyru/1781101039,5,84.06141326416001,0,150,True,meta-llama/Llama-3.3-70B-Instruct
veyru/1781101039,6,89.66875315055078,0,150,True,meta-llama/Llama-3.3-70B-Instruct
veyru/1781101039,7,119.59345883430416,0,150,True,meta-llama/Llama-3.3-70B-Instruct
veyru/1781101039,8,104.56430154928194,0,150,True,meta-llama/Llama-3.3-70B-Instruct
veyru/1781101039,9,86.07744394283866,0,150,True,meta-llama/Llama-3.3-70B-Instruct
veyru/1781101039,10,103.65578094125875,0,150,True,meta-llama/Llama-3.3-70B-Instruct
veyru/1781101039,11,68.28932454879444,0,150,True,meta-llama/Llama-3.3-70B-Instruct
veyru/1781101039,12,53.79082812394634,0,150,True,meta-llama/Llama-3.3-70B-Instruct
veyru/1781101039,13,125.66838042234448,0,150,True,meta-llama/Llama-3.3-70B-Instruct
veyru/1781101039,14,64.49501852616349,0,150,True,meta-llama/Llama-3.3-70B-Instruct
veyru/1781101039,15,108.76021156404381,0,150,True,meta-llama/Llama-3.3-70B-Instruct
veyru/1781103474,1,139.59032482286466,0,2000,False,meta-llama/Llama-3.3-70B-Instruct
veyru/1781103474,2,130.41791560530078,1,2000,False,meta-llama/Llama-3.3-70B-Instruct
veyru/1781103474,3,170.16404795415096,1,2000,False,meta-llama/Llama-3.3-70B-Instruct
veyru/1781103474,4,127.66641546696155,1,2000,False,meta-llama/Llama-3.3-70B-Instruct
veyru/1781103474,5,138.8764943240538,0,2000,False,meta-llama/Llama-3.3-70B-Instruct
veyru/1781103474,6,124.90205110821316,1,2000,False,meta-llama/Llama-3.3-70B-Instruct
veyru/1781103474,7,131.97023933566388,0,2000,False,meta-llama/Llama-3.3-70B-Instruct
veyru/1781103474,8,109.48722157482318,0,2000,False,meta-llama/Llama-3.3-70B-Instruct
veyru/1781103474,9,93.71698911213805,0,2000,False,meta-llama/Llama-3.3-70B-Instruct
veyru/1781103474,10,89.46427673710323,1,2000,False,meta-llama/Llama-3.3-70B-Instruct
veyru/1781103474,11,109.5840600459612,0,2000,False,meta-llama/Llama-3.3-70B-Instruct
veyru/1781103474,12,90.78396154150535,0,2000,False,meta-llama/Llama-3.3-70B-Instruct
veyru/1781103474,13,83.6883902345841,0,2000,False,meta-llama/Llama-3.3-70B-Instruct
veyru/1781103474,14,81.96231891036157,0,2000,False,meta-llama/Llama-3.3-70B-Instruct
veyru/1781103474,15,87.16386395151257,0,2000,False,meta-llama/Llama-3.3-70B-Instruct
veyru/1781104531,1,139.5902915305761,0,150,False,meta-llama/Llama-3.3-70B-Instruct
veyru/1781104531,2,212.05665615875168,0,150,False,meta-llama/Llama-3.3-70B-Instruct
veyru/1781104531,3,149.6071013004987,0,150,False,meta-llama/Llama-3.3-70B-Instruct
veyru/1781104531,4,163.0977739241329,0,150,False,meta-llama/Llama-3.3-70B-Instruct
veyru/1781104531,5,143.78963508449985,0,150,False,meta-llama/Llama-3.3-70B-Instruct
veyru/1781104531,6,159.85408445852156,0,150,False,meta-llama/Llama-3.3-70B-Instruct
veyru/1781104531,7,98.0345995506473,0,150,False,meta-llama/Llama-3.3-70B-Instruct
veyru/1781104531,8,175.31239056698863,0,150,False,meta-llama/Llama-3.3-70B-Instruct
veyru/1781104531,9,104.18913038970288,0,150,False,meta-llama/Llama-3.3-70B-Instruct
veyru/1781104531,10,138.9657785031543,0,150,False,meta-llama/Llama-3.3-70B-Instruct
veyru/1781104531,11,119.96808187176943,0,150,False,meta-llama/Llama-3.3-70B-Instruct
veyru/1781104531,12,160.0369368654692,0,150,False,meta-llama/Llama-3.3-70B-Instruct
veyru/1781104531,13,195.06997590752198,0,150,False,meta-llama/Llama-3.3-70B-Instruct
veyru/1781104531,14,97.51117843038708,0,150,False,meta-llama/Llama-3.3-70B-Instruct
veyru/1781104531,15,93.90084898057296,0,150,False,meta-llama/Llama-3.3-70B-Instruct
veyru/1781107846,1,92.54982554160911,0,150,True,meta-llama/Llama-3.3-70B-Instruct
veyru/1781107846,2,81.34997749330157,0,150,True,meta-llama/Llama-3.3-70B-Instruct
veyru/1781107846,3,114.59274624661624,0,150,True,meta-llama/Llama-3.3-70B-Instruct
veyru/1781107846,4,195.85241541104045,0,150,True,meta-llama/Llama-3.3-70B-Instruct
veyru/1781107846,5,92.54982554160911,0,150,True,meta-llama/Llama-3.3-70B-Instruct
veyru/1781107846,6,78.71665346792808,0,150,True,meta-llama/Llama-3.3-70B-Instruct
veyru/1781107846,7,149.330351288908,0,150,True,meta-llama/Llama-3.3-70B-Instruct
veyru/1781107846,8,127.58088951461514,0,150,True,meta-llama/Llama-3.3-70B-Instruct
veyru/1781107846,9,170.4824801968202,0,150,True,meta-llama/Llama-3.3-70B-Instruct
veyru/1781107846,10,185.28262156664204,0,150,True,meta-llama/Llama-3.3-70B-Instruct
veyru/1781107846,11,149.00202470838292,0,150,True,meta-llama/Llama-3.3-70B-Instruct
veyru/1781107846,12,70.6969103430038,0,150,True,meta-llama/Llama-3.3-70B-Instruct
veyru/1781107846,13,70.6969103430038,0,150,True,meta-llama/Llama-3.3-70B-Instruct
veyru/1781107846,14,109.31643709407687,0,150,True,meta-llama/Llama-3.3-70B-Instruct
veyru/1781107846,15,92.54982554160911,0,150,True,meta-llama/Llama-3.3-70B-Instruct
veyru/1781108652,1,92.54982554160911,0,150,True,meta-llama/Llama-3.3-70B-Instruct
veyru/1781108652,2,344.6812696753873,0,150,True,meta-llama/Llama-3.3-70B-Instruct
veyru/1781108652,3,157.60429703459175,0,150,True,meta-llama/Llama-3.3-70B-Instruct
veyru/1781108652,4,81.99301756563099,0,150,True,meta-llama/Llama-3.3-70B-Instruct
veyru/1781108652,5,281.1983406615492,0,150,True,meta-llama/Llama-3.3-70B-Instruct
veyru/1781108652,6,365.01304749308656,0,150,True,meta-llama/Llama-3.3-70B-Instruct
veyru/1781108652,7,180.55042705118308,0,150,True,meta-llama/Llama-3.3-70B-Instruct
veyru/1781108652,8,233.1907091528,0,150,True,meta-llama/Llama-3.3-70B-Instruct
veyru/1781108652,9,342.7005660104483,0,150,True,meta-llama/Llama-3.3-70B-Instruct
veyru/1781108652,10,362.858087874831,0,150,True,meta-llama/Llama-3.3-70B-Instruct
veyru/1781108652,11,215.77647221503534,0,150,True,meta-llama/Llama-3.3-70B-Instruct
veyru/1781108652,12,374.7520487703308,0,150,True,meta-llama/Llama-3.3-70B-Instruct
veyru/1781108652,13,173.87437626913652,0,150,True,meta-llama/Llama-3.3-70B-Instruct
veyru/1781108652,14,145.34469017007993,0,150,True,meta-llama/Llama-3.3-70B-Instruct
veyru/1781108652,15,188.12574858162773,0,150,True,meta-llama/Llama-3.3-70B-Instruct
veyru/1781110495,1,178.18797263761886,0,2000,True,meta-llama/Llama-3.3-70B-Instruct
veyru/1781110495,2,154.9803465721847,1,2000,True,meta-llama/Llama-3.3-70B-Instruct
veyru/1781110495,3,137.85107354968,1,2000,True,meta-llama/Llama-3.3-70B-Instruct
veyru/1781110495,4,133.80210715903218,1,2000,True,meta-llama/Llama-3.3-70B-Instruct
veyru/1781110495,5,124.76477069657822,1,2000,True,meta-llama/Llama-3.3-70B-Instruct
veyru/1781110495,6,109.23281966078669,1,2000,True,meta-llama/Llama-3.3-70B-Instruct
veyru/1781110495,7,125.8886777366666,0,2000,True,meta-llama/Llama-3.3-70B-Instruct
veyru/1781110495,8,169.26188930613017,1,2000,True,meta-llama/Llama-3.3-70B-Instruct
veyru/1781110495,9,124.86033775683151,1,2000,True,meta-llama/Llama-3.3-70B-Instruct
veyru/1781110495,10,144.0136373807726,1,2000,True,meta-llama/Llama-3.3-70B-Instruct
veyru/1781110495,11,97.72746605513237,1,2000,True,meta-llama/Llama-3.3-70B-Instruct
veyru/1781110495,12,102.00505914346554,0,2000,True,meta-llama/Llama-3.3-70B-Instruct
veyru/1781110495,13,144.9272500661391,0,2000,True,meta-llama/Llama-3.3-70B-Instruct
veyru/1781110495,14,114.80615816511249,0,2000,True,meta-llama/Llama-3.3-70B-Instruct
veyru/1781110495,15,125.73984934828249,1,2000,True,meta-llama/Llama-3.3-70B-Instruct
veyru/1781112261,1,117.93549883829142,0,2000,True,meta-llama/Llama-3.3-70B-Instruct
veyru/1781112261,2,124.96195951732531,1,2000,True,meta-llama/Llama-3.3-70B-Instruct
veyru/1781112261,3,130.10402115801554,1,2000,True,meta-llama/Llama-3.3-70B-Instruct
veyru/1781112261,4,93.56111313990488,0,2000,True,meta-llama/Llama-3.3-70B-Instruct
veyru/1781112261,5,122.550011584147,0,2000,True,meta-llama/Llama-3.3-70B-Instruct
veyru/1781112261,6,100.98934639095049,0,2000,True,meta-llama/Llama-3.3-70B-Instruct
veyru/1781112261,7,117.27688673953767,0,2000,True,meta-llama/Llama-3.3-70B-Instruct
veyru/1781112261,8,118.0526604600824,1,2000,True,meta-llama/Llama-3.3-70B-Instruct
veyru/1781112261,9,104.44789932245554,1,2000,True,meta-llama/Llama-3.3-70B-Instruct
veyru/1781112261,10,100.38315005144032,1,2000,True,meta-llama/Llama-3.3-70B-Instruct
veyru/1781112261,11,124.85280501867514,0,2000,True,meta-llama/Llama-3.3-70B-Instruct
veyru/1781112261,12,103.86556313297719,1,2000,True,meta-llama/Llama-3.3-70B-Instruct
veyru/1781112261,13,70.89188123687164,1,2000,True,meta-llama/Llama-3.3-70B-Instruct
veyru/1781112261,14,82.94748322017514,1,2000,True,meta-llama/Llama-3.3-70B-Instruct
veyru/1781112261,15,143.48903270938374,1,2000,True,meta-llama/Llama-3.3-70B-Instruct
